"CID","FirstName","LastName","Address","City","State","Zip","email"
"AB98","Aiden","Berg","11367 Maple Street","Delhi","CA","95315","Aiden.Berg@gmail.com"
"AC75","Arianna","Cruz","13944 Myrtle Avenue","Huntington","WV","25770","Arianna.Cruz@excite.com"
"AG28","Alyssa","Gonzalez","5062 3rd Street West","Knoxville","TN","37930","Alyssa.Gonzalez@excite.com"
"AG37","Allison","Gordon","5601 River Street","Flint","TX","75762","Allison.Gordon@excite.com"
"AG63","Angel","Gay","7114 Lake Street","Old Fort","TN","37362","Angel.Gay@gmail.com"
"AH16","Aaron","Hoffman","13752 Lilac Lane","El Monte","CA","91735","Aaron.Hoffman@outlook.com"
"AH33","Autumn","Hensley","3868 2nd Street North","Lismore","MN","56155","Autumn.Hensley@gmail.com"
"AH36","Abigail","Herrera","3355 Monroe Street","Canton","OH","44701","Abigail.Herrera@yahoo.com"
"AH47","Ava","Hobbs","3210 Oak Street","Pigeon Falls","WI","54760","Ava.Hobbs@excite.com"
"AH60","Ayden","Hoffman","7830 Mill Road","Albertville","AL","35950","Ayden.Hoffman@hotmail.com"
"AM41","Aiden","Martinez","8401 Water Street","Wildwood","FL","34785","Aiden.Martinez@gmail.com"
"AN38","Aiden","Newman","14595 1st Avenue","Shrub Oak","NY","10588","Aiden.Newman@excite.com"
"AO18","Allison","Orr","2271 4th Street","Simms","TX","75574","Allison.Orr@yahoo.com"
"AO40","Aiden","Owens","5820 Linden Street","Miami","FL","33189","Aiden.Owens@gmail.com"
"AO47","Amelia","Oneil","13341 7th Street East","Donnelsville","OH","45319","Amelia.Oneil@hotmail.com"
"AP12","Addison","Puckett","9918 Virginia Avenue","Wyaconda","MO","63474","Addison.Puckett@excite.com"
"AP47","Aiden","Pitts","6168 Arch Street","Moccasin","CA","95347","Aiden.Pitts@hotmail.com"
"AP59","Adrian","Pope","2801 Cherry Lane","Youngstown","OH","44505","Adrian.Pope@outlook.com"
"AP61","Anthony","Pruitt","7356 2nd Street West","Colt","AR","72326","Anthony.Pruitt@excite.com"
"AR31","Alexa","Roy","4913 Deerfield Drive","Fairview","TN","37062","Alexa.Roy@gmail.com"
"AR97","Angel","Roberson","9904 Elm Street","Warfordsburg","PA","17267","Angel.Roberson@gmail.com"
"AS25","Audrey","Small","5254 Essex Court","Scottsboro","AL","35769","Audrey.Small@yahoo.com"
"AS39","Austin","Stein","8424 Beech Street","Altair","TX","77412","Austin.Stein@outlook.com"
"AT26","Arianna","Trujillo","13415 Grant Avenue","Cameron","TX","76520","Arianna.Trujillo@gmail.com"
"AW14","Ava","Wiggins","282 Holly Drive","Buffalo Lake","MN","55314","Ava.Wiggins@gmail.com"
"AW20","Ava","Williamson","11934 Clinton Street","Sterling","MI","48659","Ava.Williamson@excite.com"
"AW22","Adam","Williamson","5558 Cottage Street","Sterling","VA","20163","Adam.Williamson@excite.com"
"AW58","Alyssa","Wright","1375 James Street","Eagle Bend","MN","56446","Alyssa.Wright@excite.com"
"BB68","Brandon","Barlow","10364 Mill Road","Canyon","CA","94516","Brandon.Barlow@outlook.com"
"BB93","Brayden","Bernard","1674 Pleasant Street","Westport Point","MA","02791","Brayden.Bernard@outlook.com"
"BC11","Brianna","Compton","9129 Henry Street","Elgin","TN","37732","Brianna.Compton@outlook.com"
"BD69","Blake","Downs","2639 6th Avenue","Diamond City","AR","72630","Blake.Downs@gmail.com"
"BE34","Bill","Edwards","375 Forest St","Wellesley","MA","02481","Bill.Edwards@some.com"
"BK83","Brandon","Kaufman","3145 Lincoln Avenue","Atlanta","GA","30309","Brandon.Kaufman@hotmail.com"
"BS58","Bella","Sharpe","6045 Walnut Street","Glade Park","CO","81523","Bella.Sharpe@hotmail.com"
"BS72","Blake","Sykes","2088 7th Avenue","Lincoln","NE","68517","Blake.Sykes@hotmail.com"
"CB14","Cooper","Ball","2397 Prospect Avenue","Lakewood","WA","98498","Cooper.Ball@gmail.com"
"CB90","Caleb","Bradford","1116 4th Avenue","Pace","MS","38764","Caleb.Bradford@outlook.com"
"CC79","Caroline","Chambers","4473 7th Avenue","Maida","ND","58255","Caroline.Chambers@excite.com"
"CC82","Caleb","Cook","14744 Lafayette Street","Columbus","GA","31917","Caleb.Cook@hotmail.com"
"CE52","Chase","Emerson","13299 Oak Street","Denver","CO","80229","Chase.Emerson@yahoo.com"
"CE66","Caleb","English","3455 West Street","Fontana","CA","92335","Caleb.English@yahoo.com"
"CF19","Camila","Franklin","5862 Main Street South","Romance","AR","72136","Camila.Franklin@gmail.com"
"CF34","Charlotte","Flynn","11264 Hamilton Street","Jefferson City","MO","65108","Charlotte.Flynn@hotmail.com"
"CH76","Christian","Hoffman","8011 Park Street","La Grande","WA","98348","Christian.Hoffman@gmail.com"
"CJ80","Cooper","Johns","14309 Sunset Drive","Maljamar","NM","88264","Cooper.Johns@outlook.com"
"CM22","Chase","Moreno","6451 Mill Street","Burr Oak","KS","66936","Chase.Moreno@hotmail.com"
"CM32","Claire","Moreno","7393 Locust Lane","Palm Coast","FL","32135","Claire.Moreno@outlook.com"
"CO66","Cooper","Odonnell","4965 Penn Street","Fresno","CA","93707","Cooper.Odonnell@yahoo.com"
"CP85","Chase","Potts","212 Harrison Street","Gypsum","KS","67448","Chase.Potts@excite.com"
"CR50","Cooper","Russell","8497 George Street","North Fork","CA","93643","Cooper.Russell@outlook.com"
"CW26","Charles","Wyatt","12431 Riverside Drive","Flag Pond","TN","37657","Charles.Wyatt@gmail.com"
"DC61","Damian","Chen","11622 Harrison Street","Albany","WI","53502","Damian.Chen@gmail.com"
"DF34","Daniel","Finch","246 Jefferson Street","Jellico","TN","37762","Daniel.Finch@outlook.com"
"DG48","Damian","Gillespie","11235 Walnut Avenue","El Paso","TX","88590","Damian.Gillespie@yahoo.com"
"DH12","Damian","Holmes","1221 Charles Street","Kendall","WI","54638","Damian.Holmes@gmail.com"
"DM23","David","Mitchell","435 Mill Rd","Waltham","MA","02452","mitch@yahoo.com"
"DW54","Damian","Webb","3460 Church Street","Cedar Grove","NC","27231","Damian.Webb@excite.com"
"ED61","Eli","Dalton","674 2nd Avenue","Gilliam","MO","65330","Eli.Dalton@excite.com"
"EE36","Eva","Espinoza","13929 Main Street East","Kansas City","MO","64120","Eva.Espinoza@outlook.com"
"EF61","Ellie","Frank","13361 12th Street","Melrose","NM","88124","Ellie.Frank@yahoo.com"
"EG19","Ellie","Gentry","6795 Henry Street","Bowling Green","KY","42101","Ellie.Gentry@hotmail.com"
"EG45","Elijah","Goodwin","10920 Linden Street","Grady","AL","36036","Elijah.Goodwin@hotmail.com"
"EH57","Evan","Hawkins","10398 Locust Street","Squire","WV","24884","Evan.Hawkins@hotmail.com"
"EL38","Ella","Lindsay","5871 Maple Street","Birmingham","AL","35215","Ella.Lindsay@excite.com"
"EM26","Eli","Melendez","9022 Church Road","Farrell","PA","16121","Eli.Melendez@hotmail.com"
"EM51","Emily","Melton","12800 6th Street","New Liberty","KY","40355","Emily.Melton@outlook.com"
"EP78","Elizabeth","Patel","12603 Madison Avenue","Pedro","OH","45659","Elizabeth.Patel@gmail.com"
"ER14","Elijah","Rush","8471 Route 6","Glendive","MT","59330","Elijah.Rush@hotmail.com"
"ER50","Ella","Rush","7348 East Street","Laconia","IN","47135","Ella.Rush@gmail.com"
"ES19","Elizabeth","Skinner","6077 Broadway","Wayne","MI","48184","Elizabeth.Skinner@excite.com"
"FM79","Faith","Moon","13929 6th Street","San Jose","CA","95194","Faith.Moon@outlook.com"
"FV13","Faith","Velazquez","13614 6th Street","Fresno","CA","93716","Faith.Velazquez@gmail.com"
"GC75","Grace","Cobb","698 Church Street","Oklahoma City","OK","73194","Grace.Cobb@outlook.com"
"GE69","Genesis","Evans","4733 Lafayette Street","Republic","KS","66964","Genesis.Evans@outlook.com"
"GM24","Gianna","Morales","10551 Devon Road","Arlington","TX","76010","Gianna.Morales@yahoo.com"
"GN45","Genesis","Neal","9337 Penn Street","Loganville","WI","53943","Genesis.Neal@yahoo.com"
"GN84","Gianna","Norton","14845 Pennsylvania Avenue","Drummond Island","MI","49726","Gianna.Norton@gmail.com"
"GP27","Gavin","Powell","3897 High Street","East Prospect","PA","17317","Gavin.Powell@gmail.com"
"GT28","Gavin","Thompson","6833 Laurel Street","Underhill","VT","05489","Gavin.Thompson@hotmail.com"
"HB18","Hannah","Bauer","8289 Route 1","Sunnyvale","CA","94088","Hannah.Bauer@excite.com"
"HC38","Hailey","Chandler","14447 1st Street","Athens","GA","30603","Hailey.Chandler@outlook.com"
"HF55","Henry","Farrell","9551 Route 6","Lena","MS","39094","Henry.Farrell@gmail.com"
"HH49","Harper","Hopper","3940 Grove Street","Philadelphia","PA","19255","Harper.Hopper@hotmail.com"
"HM10","Harper","Medina","14506 Liberty Street","Etlan","VA","22719","Harper.Medina@outlook.com"
"HM82","Hudson","Mathews","2917 Glenwood Avenue","Ina","IL","62846","Hudson.Mathews@yahoo.com"
"HR47","Hudson","Roach","6351 Adams Street","Live Oak","CA","95953","Hudson.Roach@yahoo.com"
"HR71","Hannah","Richard","2076 12th Street East","San Antonio","TX","78217","Hannah.Richard@outlook.com"
"HS12","Hudson","Schwartz","3444 6th Street North","Shreveport","LA","71133","Hudson.Schwartz@yahoo.com"
"HW15","Henry","Webster","8097 Sunset Drive","Clarks Mills","PA","16114","Henry.Webster@excite.com"
"JA15","Jeremiah","Austin","14819 Myrtle Avenue","Forestport","NY","13338","Jeremiah.Austin@gmail.com"
"JA79","Julian","Austin","8336 West Street","Sandy","UT","84093","Julian.Austin@excite.com"
"JD73","Josiah","Doyle","400 Grant Avenue","Runnemede","NJ","08078","Josiah.Doyle@gmail.com"
"JF91","Jaxon","Forbes","12455 Prospect Avenue","Oldhams","VA","22529","Jaxon.Forbes@gmail.com"
"JG13","Justin","Gibson","12186 Prospect Avenue","Darien","WI","53114","Justin.Gibson@hotmail.com"
"JG67","Jack","Goff","13227 Grove Street","Denver","CO","80246","Jack.Goff@outlook.com"
"JG88","Jackson","Grimes","10757 Elm Avenue","Washington","DC","20355","Jackson.Grimes@gmail.com"
"JH92","Joshua","Holland","6405 James Street","Rushsylvania","OH","43347","Joshua.Holland@yahoo.com"
"JL46","Jaxson","Lang","7472 Sycamore Drive","Knoxville","TN","37998","Jaxson.Lang@excite.com"
"JL81","Jase","Lester","1920 New Street","Blooming Grove","TX","76626","Jase.Lester@gmail.com"
"JL89","James","Lancaster","5685 George Street","Mc Crory","AR","72101","James.Lancaster@outlook.com"
"JM13","Joseph","Montgomery","9840 2nd Street East","La Habra","CA","90631","Joseph.Montgomery@hotmail.com"
"JR55","Jack","Reilly","14351 River Road","Fort Bidwell","CA","96112","Jack.Reilly@outlook.com"
"JR64","Justin","Robbins","11774 Route 10","Dietrich","ID","83324","Justin.Robbins@outlook.com"
"JR75","Jace","Riddle","9090 12th Street","Woodward","OK","73802","Jace.Riddle@yahoo.com"
"JS67","Jon","Stewart","15 Academc Way","Waltham","MA","02452","JSBach@gmail.com"
"JT75","Jordan","Trevino","4498 Railroad Street","Glen Haven","WI","53810","Jordan.Trevino@outlook.com"
"KC31","Kennedy","Chambers","2449 Main Street North","Birmingham","AL","35242","Kennedy.Chambers@yahoo.com"
"KC88","Khloe","Cummings","7221 John Street","Jefferson","NY","12093","Khloe.Cummings@outlook.com"
"KF46","Kayden","Floyd","11848 8th Street","Sutherland","NE","69165","Kayden.Floyd@gmail.com"
"KM38","Kylie","Morales","11283 Jackson Street","Sioux Falls","SD","57188","Kylie.Morales@yahoo.com"
"KW51","Kayla","Wade","421 Main Street West","Athena","OR","97813","Kayla.Wade@gmail.com"
"LB19","Lauren","Banks","6053 12th Street","Ogden","UT","84401","Lauren.Banks@gmail.com"
"LB49","Levi","Beck","2606 Park Place","Baltimore","MD","21289","Levi.Beck@outlook.com"
"LB61","Lucas","Burton","2414 Bank Street","Vernon","NJ","07462","Lucas.Burton@excite.com"
"LB95","Luis","Bonner","676 Willow Street","Manchester","WA","98353","Luis.Bonner@yahoo.com"
"LC86","Layla","Castro","4580 John Street","Gainesville","FL","32635","Layla.Castro@gmail.com"
"LC88","Levi","Cummings","2915 Route 10","Vaucluse","SC","29850","Levi.Cummings@yahoo.com"
"LD65","Lily","Dotson","4051 Main Street West","Lexington","MO","64067","Lily.Dotson@outlook.com"
"LG90","Lily","Garrett","3708 Washington Street","Tacoma","WA","98422","Lily.Garrett@hotmail.com"
"LH95","Liam","Harrison","6588 High Street","Cutler","OH","45724","Liam.Harrison@hotmail.com"
"LJ29","Liam","Jordan","5998 Church Road","Seal Rock","OR","97376","Liam.Jordan@gmail.com"
"LK28","Lauren","Kidd","7440 John Street","Whitleyville","TN","38588","Lauren.Kidd@hotmail.com"
"LM60","Luis","Mills","2746 Meadow Lane","Holland Patent","NY","13354","Luis.Mills@hotmail.com"
"LN18","Lauren","Norton","4211 Park Street","Honolulu","HI","96835","Lauren.Norton@excite.com"
"LN20","Layla","Newton","8314 Front Street","Brunswick","TN","38014","Layla.Newton@hotmail.com"
"LP56","Lucas","Poole","12127 Lafayette Street","Sand Springs","OK","74063","Lucas.Poole@gmail.com"
"LP90","Levi","Parrish","7206 New Street","Dodge","TX","77334","Levi.Parrish@yahoo.com"
"LR56","Lily","Robinson","857 Willow Street","Maplewood","WI","54226","Lily.Robinson@yahoo.com"
"LV31","Lillian","Valenzuela","1771 Broadway","Grand Haven","MI","49417","Lillian.Valenzuela@excite.com"
"LV68","Lucas","Vargas","725 Buckingham Drive","Cape Porpoise","ME","04014","Lucas.Vargas@yahoo.com"
"LY54","Lucy","York","11349 Grove Street","Las Vegas","NV","89152","Lucy.York@yahoo.com"
"MC17","Madeline","Cote","5827 Route 11","Truxton","MO","63381","Madeline.Cote@yahoo.com"
"MC79","Madeline","Cantrell","6107 Center Street","Roanoke","VA","24002","Madeline.Cantrell@hotmail.com"
"MD98","Makayla","Duran","730 Cedar Street","Drain","OR","97435","Makayla.Duran@yahoo.com"
"ME66","Madison","Eaton","12670 3rd Street West","Sierra Vista","AZ","85636","Madison.Eaton@yahoo.com"
"MG21","Melanie","Goodman","1413 2nd Street North","Cherokee Village","AR","72529","Melanie.Goodman@yahoo.com"
"MH66","Madeline","Hood","142 Williams Street","Phoenix","AZ","85061","Madeline.Hood@gmail.com"
"MH84","Melanie","Hurley","4356 Valley Road","Grand Forks","ND","58206","Melanie.Hurley@hotmail.com"
"MK48","Mason","Koch","4183 Cedar Lane","Edgar","MT","59026","Mason.Koch@yahoo.com"
"MM26","Morgan","Massey","1020 Olive Street","Chattanooga","TN","37414","Morgan.Massey@outlook.com"
"MM55","Morgan","Malone","974 Riverside Drive","Delta","UT","84624","Morgan.Malone@outlook.com"
"MM69","Madelyn","Mason","12635 Park Avenue","Hopewell","NJ","08525","Madelyn.Mason@outlook.com"
"MP21","Melanie","Patton","4059 Walnut Street","Summer Shade","KY","42166","Melanie.Patton@hotmail.com"
"MR39","Mila","Rios","10850 Broadway","Tulsa","OK","74170","Mila.Rios@hotmail.com"
"MW21","Melanie","William","14535 Railroad Avenue","Albuquerque","NM","87181","Melanie.William@hotmail.com"
"MW66","Mackenzie","Welch","9979 Laurel Street","Saint Paul","MN","55191","Mackenzie.Welch@gmail.com"
"NA72","Nolan","Alvarez","7870 Sunset Drive","Hanoverton","OH","44423","Nolan.Alvarez@hotmail.com"
"NB49","Nicholas","Bowers","3498 Grant Street","Fergus Falls","MN","56537","Nicholas.Bowers@excite.com"
"NB75","Natalie","Boyd","132 Maple Avenue","Ferndale","FL","34729","Natalie.Boyd@yahoo.com"
"NC49","Noah","Cash","6344 Hickory Lane","Ellisville","IL","61431","Noah.Cash@excite.com"
"NF21","Nathaniel","Franklin","9159 Route 32","Silt","CO","81652","Nathaniel.Franklin@excite.com"
"NH96","Nicholas","Hoffman","9067 Sunset Drive","Renfrew","PA","16053","Nicholas.Hoffman@excite.com"
"NM43","Nora","Morris","12499 Beechwood Drive","West Union","IL","62477","Nora.Morris@excite.com"
"NM84","Nicole","Mcleod","13407 Lincoln Avenue","Bradley Beach","NJ","07720","Nicole.Mcleod@hotmail.com"
"NR27","Nathaniel","Russell","4147 Canal Street","Des Moines","IA","50347","Nathaniel.Russell@gmail.com"
"NR33","Nathan","Richmond","14182 Locust Lane","Winona","MS","38967","Nathan.Richmond@outlook.com"
"NV63","Nevaeh","Vasquez","11927 Franklin Avenue","Boston","MA","02115","Nevaeh.Vasquez@yahoo.com"
"OC17","Olivia","Carr","10507 Clark Street","Utica","NY","13502","Olivia.Carr@excite.com"
"OM51","Oliver","Mcdonald","14597 Maple Lane","Peck","MI","48466","Oliver.Mcdonald@hotmail.com"
"OV84","Olivia","Vazquez","8268 5th Street South","Solway","MN","56678","Olivia.Vazquez@outlook.com"
"PH63","Peyton","Hardy","12669 Green Street","Glenmora","LA","71433","Peyton.Hardy@hotmail.com"
"PR28","Paisley","Roberts","12497 Elizabeth Street","Coal City","IN","47427","Paisley.Roberts@hotmail.com"
"PR84","Penelope","Rojas","9006 Hamilton Street","Llano","CA","93544","Penelope.Rojas@outlook.com"
"PU54","Parker","Underwood","1654 Academy Street","Huntington","WV","25704","Parker.Underwood@outlook.com"
"RL84","Robert","Lowe","6268 Walnut Avenue","Washington","DC","20440","Robert.Lowe@outlook.com"
"RS12","Ryan","Singleton","5358 Broadway","Matoaka","WV","24736","Ryan.Singleton@hotmail.com"
"RV22","Ruby","Vinson","8467 Route 6","Huntsville","AL","35898","Ruby.Vinson@gmail.com"
"SB24","Sebastian","Bridges","992 Sunset Drive","Brookfield","MO","64628","Sebastian.Bridges@hotmail.com"
"SB63","Savannah","Bishop","4468 Essex Court","Mindoro","WI","54644","Savannah.Bishop@yahoo.com"
"SB69","Sebastian","Boyle","9536 6th Avenue","Friendship","OH","45630","Sebastian.Boyle@excite.com"
"SF32","Skylar","Franklin","2626 Warren Street","Turon","KS","67583","Skylar.Franklin@gmail.com"
"SJ75","Stella","Jimenez","6797 Green Street","Ossining","NY","10562","Stella.Jimenez@hotmail.com"
"SK41","Sophie","Knowles","5948 East Street","Denver","CO","80230","Sophie.Knowles@gmail.com"
"SL63","Sofia","Logan","1509 Devon Road","Sherman","CT","06784","Sofia.Logan@excite.com"
"SL72","Sophie","Langley","14998 Maple Street","Conroe","TX","77303","Sophie.Langley@excite.com"
"SM52","Sophie","Mosley","9394 Smith Street","Walden","NY","12586","Sophie.Mosley@hotmail.com"
"SM72","Savannah","Miranda","1531 Spring Street","La Vergne","TN","37086","Savannah.Miranda@excite.com"
"SP12","Sylvia","Plath","123 Main St","Waltham","MA","02452","sylvia@hotmail.com"
"SS68","Scarlett","Salas","4433 Spruce Street","Frankfort","SD","57440","Scarlett.Salas@outlook.com"
"SV41","Scarlett","Vargas","6259 Forest Drive","Alamo","CA","94507","Scarlett.Vargas@hotmail.com"
"SW21","Stella","Warner","8983 3rd Street East","San Jose","CA","95192","Stella.Warner@gmail.com"
"TB45","Tristan","Benson","951 Williams Street","Lincoln","NH","03251","Tristan.Benson@hotmail.com"
"TF39","Tyler","Fletcher","4775 William Street","James Creek","PA","16657","Tyler.Fletcher@gmail.com"
"TF70","Tristan","Freeman","3890 Locust Lane","Verona","MS","38879","Tristan.Freeman@gmail.com"
"TF90","Thomas","Foster","11553 Laurel Drive","Wilbur","WA","99185","Thomas.Foster@yahoo.com"
"TG40","Thomas","Gregory","1760 Orange Street","Lake","MI","48632","Thomas.Gregory@yahoo.com"
"TM76","Taylor","Mckinney","8448 Route 70","New York","NY","10107","Taylor.Mckinney@hotmail.com"
"TS51","Taylor","Snyder","7260 Williams Street","Sun City West","AZ","85375","Taylor.Snyder@gmail.com"
"VA30","Victoria","Andrews","14928 Buckingham Drive","Garner","AR","72052","Victoria.Andrews@outlook.com"
"VB64","Violet","Burke","2352 York Road","Sioux Falls","SD","57108","Violet.Burke@outlook.com"
"VC79","Violet","Carey","2787 10th Street","Pine Bluff","AR","71611","Violet.Carey@outlook.com"
"VC86","Violet","Carlson","11924 Grove Street","Blencoe","IA","51523","Violet.Carlson@yahoo.com"
"VR26","Violet","Rodriguez","4206 York Road","Sulligent","AL","35586","Violet.Rodriguez@hotmail.com"
"VR70","Violet","Robertson","3103 New Street","Mc Cook","NE","69001","Violet.Robertson@outlook.com"
"WB16","Wyatt","Beasley","12842 Route 6","Washington","DC","20415","Wyatt.Beasley@gmail.com"
"WO98","Wyatt","Olsen","11976 6th Street","Tahoma","CA","96142","Wyatt.Olsen@yahoo.com"
"XC26","Xavier","Cannon","3516 Maple Avenue","Richmond","CA","94807","Xavier.Cannon@outlook.com"
"XG39","Xavier","Glenn","14363 Cottage Street","Crockett","TX","75835","Xavier.Glenn@gmail.com"
"ZA17","Zoey","Arnold","955 Church Road","Cambridge","MA","02138","Zoey.Arnold@outlook.com"
"ZB47","Zoey","Benjamin","12385 Walnut Street","Sherman","TX","75091","Zoey.Benjamin@hotmail.com"
"ZF40","Zoey","Freeman","6530 Cambridge Court","White Mills","KY","42788","Zoey.Freeman@gmail.com"
